Name,Bus,Fuel,Max_Cap,Min_Cap,Heat_Rate
PHOENIX_Nuc,408441,NUC (Nuclear),4209.6,1046.9,8.53
TONOPAH_NG,408441,NG (Natural Gas),1325.1,393.07,4.177264254333333
PHOENIX_NG,408441,NG (Natural Gas),1207.38,449.72,3.62278356275
RICHLAND_Nuc,135041,NUC (Nuclear),1200.0,469.13,8.45
BOARDMAN_C,135041,BIT (Bituminous Coal),642.2,188.21,9.094507669
HERMISTON_NG,135041,NG (Natural Gas),1310.6,566.03,4.969422978714285
BOARDMAN_NG,135041,NG (Natural Gas),287.0,100.44,2.437958263
GOLDENDALE_NG,135041,NG (Natural Gas),284.3,60.76,4.87330254
AVILABEACH_Nuc,261331,NUC (Nuclear),2323.0,296.08000000000004,8.44
MCKITTRICK_NG,261331,NG (Natural Gas),1567.9,496.58,5.107528733666666
FELLOWS_NG,261331,NG (Natural Gas),605.4000000000001,111.58,3.3332731429999995
KINGCITY_NG,261331,NG (Natural Gas),180.5,43.56,4.951989954333334
SANARDO_NG,261331,NG (Natural Gas),77.1,24.53,4.6526597335
TUPMAN_NG,261331,NG (Natural Gas),46.6,9.38,4.513368984
DELTA_C,500241,BIT (Bituminous Coal),1654.0,221.07,8.517034100250001
FRUITLAND_C,532171,BIT (Bituminous Coal),1636.2,482.75,8.948450007
WATERFLOW_C,532171,BIT (Bituminous Coal),1848.0,380.85,8.21840230325
FARMINGTON_NG,532171,NG (Natural Gas),91.6,19.69,4.5458036204
NUCLA_C,532171,BIT (Bituminous Coal),113.8,28.74,9.46414136225
OXNARD_NG,258301,NG (Natural Gas),2413.1,725.6300000000001,3.9705640475
GOLETA_NG,258301,NG (Natural Gas),107.3,42.62,4.517340999
PAGE_C,407871,BIT (Bituminous Coal),2409.3,798.67,8.954581920999999
SAINTGEORGE_NG,407871,NG (Natural Gas),80.0,20.46,2.0558185895
COLSTRIP_C,772611,BIT (Bituminous Coal),2272.0,641.4200000000001,8.651873203
BILLINGS_C,772611,BIT (Bituminous Coal),240.8,51.17,8.2201733305
HARDIN_C,772611,BIT (Bituminous Coal),115.7,36.52,8.210912907
ANACONDA_NG,772611,NG (Natural Gas),135.4,50.08,2.3574089995
GREATFALLS_NG,772611,NG (Natural Gas),42.6,6.6,4.632754342
BRUSH_C,605141,BIT (Bituminous Coal),552.3,78.79,8.941106484
WELLINGTON_C,605141,BIT (Bituminous Coal),800.4000000000001,247.36,8.242653739333333
DENVER_C,605141,BIT (Bituminous Coal),586.3099999999998,164.07,7.933221159400001
KEENESBURG_NG,605141,NG (Natural Gas),685.11,246.77,5.015047094000001
BOULDER_C,605141,BIT (Bituminous Coal),251.0,55.58,8.227582289499999
PLATTEVILLE_NG,605141,NG (Natural Gas),1185.48,481.17,2.7581665205714283
AURORA_NG,605141,NG (Natural Gas),397.8,147.60000000000002,4.8983084340000005
COMMERCECITY_NG,605141,NG (Natural Gas),154.2,29.25,4.799749687
DENVER_NG,605141,NG (Natural Gas),269.01000000000005,54.48,3.526185254
FORTLUPTON_NG,605141,NG (Natural Gas),497.69999999999993,120.82000000000002,4.718237190875
BURLINGTON_C,605141,BIT (Bituminous Coal),129.4,47.19,7.651625424500001
FREDERICK_NG,605141,NG (Natural Gas),394.0,136.49,2.436760269
BRUSH_NG,605141,NG (Natural Gas),597.22,156.56,3.038615645
LIMON_NG,605141,NG (Natural Gas),154.2,37.06,4.6228710465
LAMAR_C,605141,BIT (Bituminous Coal),43.5,17.89,7.9745314755
CHEYENNE_NG,605141,NG (Natural Gas),139.99,33.480000000000004,4.7313746025
PUEBLO_C,606631,BIT (Bituminous Coal),1635.3000000000002,611.8,8.933083023666667
PREWITT_C,606631,BIT (Bituminous Coal),257.0,53.25,8.446400829
HAYDEN_C,606631,BIT (Bituminous Coal),465.4,95.3,8.4097935095
FOUNTAIN_C,606631,BIT (Bituminous Coal),282.6,99.3,9.207777184666666
FOUNTAIN_NG,606631,NG (Natural Gas),768.9900000000001,166.78999999999996,4.448247922
BELEN_NG,606631,NG (Natural Gas),159.5,74.28,4.909462617
ALBUQUERQUE_NG,606631,NG (Natural Gas),317.69,108.29999999999998,4.906500971500001
PUEBLO_NG,606631,NG (Natural Gas),399.9799999999999,130.81,4.137280068875
COLORADOSPRINGS_C,606631,BIT (Bituminous Coal),257.01,79.69,8.400537632999999
ALGODONES_NG,606631,NG (Natural Gas),45.0,13.06,2.7253471403333336
COLORADOSPRINGS_NG,606631,NG (Natural Gas),59.61,18.18,4.749769342
CASTLEDALE_C,500991,BIT (Bituminous Coal),1577.19,296.35,8.900557503333333
HUNTINGTON_C,500991,BIT (Bituminous Coal),1037.3,382.51,8.612997447000001
OREM_NG,500991,NG (Natural Gas),1392.48,370.22,3.5439141948571424
MONA_NG,500991,NG (Natural Gas),648.99,208.1,5.030309215333332
KEMMERER_C,500991,BIT (Bituminous Coal),831.99,304.11,8.195293825333332
HELPER_C,500991,BIT (Bituminous Coal),208.6,49.9,8.192119736999999
SALTLAKECITY_NG,500991,NG (Natural Gas),783.4899999999999,218.8400000000001,3.5546823330000006
PAYSON_NG,500991,NG (Natural Gas),140.0,43.07,3.9599796075
SUNNYSIDE_C,500991,BIT (Bituminous Coal),58.1,6.34,8.114104596
MAGNA_C,500991,BIT (Bituminous Coal),213.8,41.0,7.651218644799999
BOUNTIFUL_NG,500991,NG (Natural Gas),30.39,8.9,2.977745407
VERNAL_C,503161,BIT (Bituminous Coal),499.5,191.6,8.854509546
KEMMERER_NG,503161,NG (Natural Gas),108.0,44.7,4.695952191333333
GREENRIVER_C,503161,BIT (Bituminous Coal),70.98,23.54,7.58577175275
CRAIG_C,600031,BIT (Bituminous Coal),1427.61,461.14,8.816982260333333
RIFLE_NG,600031,NG (Natural Gas),110.6,32.989999999999995,2.6739538452
PITTSBURG_NG,216471,NG (Natural Gas),1403.91,468.26,3.6552454746666654
HAYWARD_NG,216471,NG (Natural Gas),654.99,253.0,5.035262147333333
ANTIOCH_NG,216471,NG (Natural Gas),828.0,166.97,5.0112838365000005
LODI_NG,216471,NG (Natural Gas),185.0,58.43,4.964897501
SPRINGERVILLE_C,408811,BIT (Bituminous Coal),1765.8,384.93,8.5911576945
SAINTJOHNS_C,408811,BIT (Bituminous Coal),821.8,299.65,8.3795766385
SUNCITY_NG,261001,NG (Natural Gas),819.0,228.42,2.720162225
REDONDOBEACH_NG,261001,NG (Natural Gas),1316.4,454.78,5.2714185195
LONGBEACH_NG,261001,NG (Natural Gas),2173.98,657.3299999999999,4.4873755521
PLAYADELREY_NG,261001,NG (Natural Gas),823.1999999999999,271.8,5.1540752203333335
HUNTINGTONBEACH_NG,261001,NG (Natural Gas),436.0,100.93,2.516904583
WILMINGTON_NG,261001,NG (Natural Gas),548.11,163.17000000000002,5.168842224624999
CARSON_NG,261001,NG (Natural Gas),405.0,135.72,3.373919579166667
ELSEGUNDO_NG,253851,NG (Natural Gas),522.1199999999999,169.39,3.682931329
LONGBEACH_NG_2,253851,NG (Natural Gas),93.0,34.81,4.671209080000001
WILMINGTON_NG_3,253851,NG (Natural Gas),107.4,38.88,4.82292582
CARSON_NG_4,253851,NG (Natural Gas),181.81000000000003,51.50000000000001,3.071651966
TORRANCE_NG,253851,NG (Natural Gas),49.3,13.3,1.5392236333333331
MOSSLANDING_NG,233771,NG (Natural Gas),2802.0,1120.65,4.520780010875
COYOTE_NG,233771,NG (Natural Gas),635.01,198.49,5.021359173333334
SANJOAQUIN_NG,233771,NG (Natural Gas),432.0,115.51,4.8006748715
RANCHOCUCAMONGA_NG,280991,NG (Natural Gas),666.0,179.51,5.279109777
LONGBEACH_NG_5,280991,NG (Natural Gas),1739.1100000000004,464.97,3.9916827256363634
REDLANDS_NG,280991,NG (Natural Gas),1036.8,235.49,4.9389776865
LAPUENTE_NG,280991,NG (Natural Gas),500.0,152.42,4.6084577114
ANAHEIM_NG,280991,NG (Natural Gas),270.2,72.77,3.233332611857143
STANTON_NG,280991,NG (Natural Gas),49.8,10.51,4.67768595
POMONA_NG,280991,NG (Natural Gas),56.6,11.84,2.476660443
WHITTIER_NG,280991,NG (Natural Gas),29.94,13.76,2.301933874
BREA_NG,280991,NG (Natural Gas),37.2,8.11,2.6886765132
CENTRALIA_C,102281,BIT (Bituminous Coal),1459.8,669.44,8.4508288985
CHEHALIS_NG,102281,NG (Natural Gas),698.01,212.9,5.027103500333333
ELMA_NG,102281,NG (Natural Gas),650.01,143.54,5.0311422750000006
TACOMA_NG,102281,NG (Natural Gas),318.3,131.09,4.9088729755
FERNDALE_NG,102281,NG (Natural Gas),285.51,60.370000000000005,4.773981165
BURLINGTON_NG,102281,NG (Natural Gas),376.0,118.95,4.770478994
SUMAS_NG,102281,NG (Natural Gas),125.5,58.73,2.37969677
BLAINE_NG,102281,NG (Natural Gas),169.2,54.89,4.8860544215
ANACORTES_NG,102281,NG (Natural Gas),166.8,46.7,3.4557221497500006
MOAPA_C,301461,BIT (Bituminous Coal),294.8,132.05,8.509635974
LASVEGAS_NG,301461,NG (Natural Gas),443.14,150.14,2.465057179
NORTHLASVEGAS_NG,301461,NG (Natural Gas),358.92,117.58,4.455701659833333
CROCKETT_NG,211211,NG (Natural Gas),247.4,49.35,5.095785441
PITTSBURG_NG_6,211211,NG (Natural Gas),1621.8199999999997,469.25,4.338871318571429
ANTIOCH_NG_7,211211,NG (Natural Gas),619.71,178.19,5.0107215300000005
TRACY_NG,211211,NG (Natural Gas),336.09000000000003,59.91,4.809469793666667
OAKLAND_C,211211,BIT (Bituminous Coal),149.0,37.06,8.239487834
ELSOBRANTE_NG,211211,NG (Natural Gas),125.2,35.19,4.9793510325
SANJOSE_NG,211211,NG (Natural Gas),338.1,90.12999999999998,2.014738010142857
SANTACLARA_NG,211211,NG (Natural Gas),245.59000000000003,58.31,4.053334825428571
BYRON_NG,211211,NG (Natural Gas),199.6,75.93,3.3344140705000003
ALAMEDA_NG,211211,NG (Natural Gas),83.3,26.53,2.314432201
STANFORD_NG,211211,NG (Natural Gas),52.8,14.919999999999998,4.6270060775
SANTACLARA_C,211211,BIT (Bituminous Coal),53.58,12.19,8.098876027666668
VALMY_C,300011,BIT (Bituminous Coal),567.0,231.03,8.358285899
SPARKS_NG,300011,NG (Natural Gas),1402.4999999999995,332.12,3.1202945075555557
YERINGTON_NG,300011,NG (Natural Gas),230.0,68.02,4.815959815499999
JOSEPHCITY_C,405951,BIT (Bituminous Coal),1128.8,393.08,8.3791463805
SANDIEGO_NG,284741,NG (Natural Gas),1147.8,352.19000000000005,4.412612964909091
CARLSBAD_NG,284741,NG (Natural Gas),981.6,258.76000000000005,4.988324888199999
ESCONDIDO_NG,284741,NG (Natural Gas),558.99,189.19,4.966842436
ELCENTRO_NG,284741,NG (Natural Gas),358.30000000000007,105.86,4.717308359333334
PALA_NG,284741,NG (Natural Gas),118.0,50.89,4.696142368
ELCAJON_NG,284741,NG (Natural Gas),116.6,30.41,4.652927166
CORONADO_NG,284741,NG (Natural Gas),65.9,12.38,2.17223274475
RANCHOSANTAFE_NG,284741,NG (Natural Gas),33.0,9.31,2.8190223876666667
FELLOWS_NG_8,262011,NG (Natural Gas),273.1,103.92,4.4462703865
BAKERSFIELD_NG,262011,NG (Natural Gas),323.40000000000003,95.24,3.651720199
MCKITTRICK_NG_9,262011,NG (Natural Gas),77.4,25.79,4.6543829175
TAFT_NG,262011,NG (Natural Gas),56.3,9.19,3.081503552
VANCOUVER_NG,100931,NG (Natural Gas),248.0,115.79,5.099517491
CLATSKANIE_NG,100931,NG (Natural Gas),1324.5200000000004,354.8,3.799129233058824
LONGVIEW_NG,100931,NG (Natural Gas),319.0,62.46,4.9100360985
LASVEGAS_NG_10,303741,NG (Natural Gas),1465.62,385.16,3.351969514333333
MAXWELL_NG,201361,NG (Natural Gas),741.01,198.23,4.96488960075
YUBACITY_NG,201361,NG (Natural Gas),894.8,309.24,4.227248004555555
SACRAMENTO_NG,201361,NG (Natural Gas),367.3,112.77,2.977039650833333
MCCLELLAN_NG,201361,NG (Natural Gas),77.0,23.9,4.73352586
VACAVILLE_NG,201361,NG (Natural Gas),60.5,26.37,4.700582936
ROSEVILLE_NG,201361,NG (Natural Gas),164.01,45.03,4.7449828683333335
ELKGROVE_NG,201361,NG (Natural Gas),35.75,12.61,4.648478489
LODI_NG_11,201361,NG (Natural Gas),54.8,14.73,4.335917959
REDBLUFF_NG,201361,NG (Natural Gas),46.38000000000001,13.7,2.0962428775000004
ARLINGTON_NG,409941,NG (Natural Gas),3236.4900000000007,962.6200000000002,3.3211280914
JEAN_NG,302201,NG (Natural Gas),695.91,287.04,3.772309414
BOULDERCITY_NG,302201,NG (Natural Gas),536.01,152.18,4.880629314
LASVEGAS_NG_12,302201,NG (Natural Gas),1597.62,530.6600000000001,4.7556229860000006
POINTOFROCKS_C,701551,BIT (Bituminous Coal),2441.92,729.2900000000001,8.33962591575
GILBERT_NG,403691,NG (Natural Gas),1326.0,379.11,5.025952209500001
CASAGRANDE_NG,403691,NG (Natural Gas),646.11,164.04999999999998,5.0207692716666665
COCHISE_C,403691,BIT (Bituminous Coal),660.68,160.31,8.571841746142857
TUCSON_C,403691,BIT (Bituminous Coal),558.5,189.11,8.173080833833334
CHANDLER_NG,403691,NG (Natural Gas),1515.48,433.48,4.467244568733333
TUCSON_NG,403691,NG (Natural Gas),201.8,49.48,3.0955887151666666
LAKEHAVASUCITY_NG,400081,NG (Natural Gas),218.13,103.98,5.034548487
MOHAVEVALLEY_NG,400081,NG (Natural Gas),708.0,278.15,3.314390562
LAKEHAVASUCITY_NG_13,400061,NG (Natural Gas),436.26,113.36,4.9956666765
GOLDENVALLEY_NG,400061,NG (Natural Gas),121.0,32.129999999999995,4.343049815
DEMING_NG,800071,NG (Natural Gas),650.01,260.7,3.3543612106666667
LAMESA_NG,800071,NG (Natural Gas),287.0,100.16,4.875753681
SUNLANDPARK_NG,800071,NG (Natural Gas),372.49,89.5,4.76882827475
ELPASO_NG,800071,NG (Natural Gas),993.52,343.12,3.8312748403
LORDSBURG_NG,800071,NG (Natural Gas),274.0,79.44,3.693668282500001
HURLEY_NG,800071,NG (Natural Gas),54.0,15.06,4.6283466425
NOGALES_NG,800071,NG (Natural Gas),108.0,27.39,3.464986626
TYRONE_C,800071,BIT (Bituminous Coal),45.42,14.32,8.216283548666667
DOUGLAS_C,800071,BIT (Bituminous Coal),26.1,7.8,8.336509915
NEWPLYMOUTH_NG,134461,NG (Natural Gas),318.5,113.28,4.91064114
VICTORVILLE_NG,284011,NG (Natural Gas),872.0,314.97,3.9364097982000006
DESERTHOTSPRINGS_NG,284011,NG (Natural Gas),807.1800000000002,218.66,4.122906826428571
COLTON_NG,284011,NG (Natural Gas),150.1,51.04,3.540883570666667
ONTARIO_NG,284011,NG (Natural Gas),114.6,36.64,3.197729442
RANCHOCUCAMONGA_NG_14,284011,NG (Natural Gas),49.8,24.66,4.676462277
RIVERSIDE_NG,284011,NG (Natural Gas),236.0,88.33,2.309525441625
BORON_NG,284011,NG (Natural Gas),48.2,9.87,4.673755437
CORONA_NG,284011,NG (Natural Gas),96.0,22.33,3.081834884333334
TRONA_C,284011,BIT (Bituminous Coal),92.49,26.66,8.418172041000002
SUNVALLEY_NG,252891,NG (Natural Gas),690.5,169.24,3.68334160975
BURBANK_NG,252891,NG (Natural Gas),387.6,96.71,2.4918156635
LEBEC_NG,252891,NG (Natural Gas),779.0,285.99,4.901964121000001
LOSANGELES_NG,252891,NG (Natural Gas),170.79,63.87,3.3167206580000004
NORWALK_NG,252891,NG (Natural Gas),65.14999999999999,16.78,2.337893297
NEWHALL_NG,252891,NG (Natural Gas),161.10000000000002,55.3,3.122023387
PASADENA_NG,252891,NG (Natural Gas),89.3,34.980000000000004,5.129473378
GLENDALE_NG,252891,NG (Natural Gas),57.4,18.3,4.749769342
GILABEND_NG,409611,NG (Natural Gas),2475.96,865.71,4.138723558833334
LASVEGAS_NG_15,301721,NG (Natural Gas),1567.18,299.48,4.349205053111111
WHEATLAND_C,701721,BIT (Bituminous Coal),1710.0,414.31,8.264099757333334
GLENROCK_C,701721,BIT (Bituminous Coal),922.2,276.1,8.2685114685
BLYTHE_NG,400041,NG (Natural Gas),591.0,205.54,4.989980928666667
YUMA_NG,400041,NG (Natural Gas),487.6000000000001,142.39,2.849258675
HERALD_NG,230601,NG (Natural Gas),530.01,186.49,4.9477969753333335
LODI_NG_16,230601,NG (Natural Gas),103.9,12.12,4.791332263
TURLOCK_NG,230601,NG (Natural Gas),374.4,102.49,4.661461772166667
RIPON_NG,230601,NG (Natural Gas),170.5,47.7,3.0024511293333336
MODESTO_NG,230601,NG (Natural Gas),388.88,99.87,4.358452110111111
ELKGROVE_NG_17,230601,NG (Natural Gas),89.75,20.88,4.5138009625
MOUNTAINHOME_NG,741041,NG (Natural Gas),193.6,69.19,3.166500773333334
KLAMATHFALLS_NG,133661,NG (Natural Gas),619.1099999999999,165.11999999999998,2.652224064571429
RATHDRUM_NG,106771,NG (Natural Gas),467.9,125.37,5.13152821775
SPOKANE_NG,106771,NG (Natural Gas),87.8,39.02,2.3518742445
TEMPE_NG,403671,NG (Natural Gas),573.7,134.0,3.37788736
ELSEGUNDO_NG_18,254031,NG (Natural Gas),537.4,204.86,4.856735944
BOARDMAN_NG_19,134201,NG (Natural Gas),266.3,78.25,4.8546441865
GLENDALE_NG_20,401681,NG (Natural Gas),613.29,181.37,4.788500289166667
WRIGHT_C,700631,BIT (Bituminous Coal),483.7,106.38,8.208690511
GILLETTE_C,700631,BIT (Bituminous Coal),821.5,219.15,8.015033558833332
GILLETTE_NG,700631,NG (Natural Gas),107.5,32.540000000000006,4.8412852969
FIREBAUGH_NG,232301,NG (Natural Gas),250.2,86.38,4.5751637325
FRESNO_NG,232301,NG (Natural Gas),121.0,40.9,4.966247315
SANGER_NG,232301,NG (Natural Gas),97.7,31.930000000000003,3.3616287975
LEMOORE_NG,232301,NG (Natural Gas),98.0,23.5,4.674999097000001
DELANO_NG,232301,NG (Natural Gas),48.5,17.35,4.675263775
HANFORD_NG,232301,NG (Natural Gas),92.2,32.7,4.668822636
BAKERSFIELD_NG_21,232301,NG (Natural Gas),125.61,42.68,4.0545241535
COALINGA_NG,232301,NG (Natural Gas),38.4,15.82,4.652149321
SANJOAQUIN_NG_22,232301,NG (Natural Gas),82.59,25.26,4.629603543666666
CHOWCHILLA_NG,232301,NG (Natural Gas),49.61999999999999,13.43,0.6169154228333333
BAKERSFIELD_C,232301,BIT (Bituminous Coal),38.2,16.78,8.336509915
TEMPE_NG_23,402811,NG (Natural Gas),363.4,127.79,3.4924077137500005
CHANDLER_NG_24,402811,NG (Natural Gas),9.2,3.12,4.590281086
NILAND_NG,286671,NG (Natural Gas),121.0,38.57,2.3496574475
NORTHPALMSPRINGS_NG,286671,NG (Natural Gas),149.7,59.94,2.769230626666667
BRAWLEY_NG,286671,NG (Natural Gas),58.7,17.3,3.1268758526666667
COACHELLA_NG,286671,NG (Natural Gas),92.4,28.25,4.6511861735
MOUNTAINHOME_NG_25,740011,NG (Natural Gas),270.9,79.13,2.6490299823333334
BATTLEMOUNTAIN_C,740011,BIT (Bituminous Coal),242.0,52.07,8.109662577
TACOMA_NG_26,103441,NG (Natural Gas),177.8,35.49,4.799426934
MODESTO_C,230541,BIT (Bituminous Coal),142.4,32.32,7.7473426
LODI_NG_27,230541,NG (Natural Gas),77.4,18.95,4.5814249365
LATHROP_NG,230541,NG (Natural Gas),46.0,6.59,4.670658683
MODESTO_NG_28,230541,NG (Natural Gas),33.6,11.43,4.749769342
PASADENA_NG_29,256181,NG (Natural Gas),164.3,44.2,4.598058574333333
GLENDALE_NG_30,256181,NG (Natural Gas),243.52,62.36,4.642271342714286
OAKLAND_C_31,211651,BIT (Bituminous Coal),74.5,21.27,8.144239226
BENICIA_NG,211651,NG (Natural Gas),98.0,44.6,4.5103229225
ANTIOCH_NG_32,211651,NG (Natural Gas),47.0,19.29,4.67167434
SUISUNCITY_NG,211651,NG (Natural Gas),141.0,44.51,4.712425393666666
MARTINEZ_NG,211651,NG (Natural Gas),213.48,60.17,4.585824996833333
ELSOBRANTE_NG_33,211651,NG (Natural Gas),30.4,12.95,4.636363636
RODEO_NG,211651,NG (Natural Gas),54.900000000000006,15.09,1.5369980976666666
BOULDER_NG,601941,NG (Natural Gas),175.2,59.37,2.6478747202
ARVADA_NG,601941,NG (Natural Gas),231.6,82.55,2.654754623083333
REDDING_NG,200261,NG (Natural Gas),183.09,52.55,3.012696366666667
EUREKA_NG,200261,NG (Natural Gas),166.97999999999996,56.290000000000006,3.8439096144999993
ANACONDA_NG_34,741321,NG (Natural Gas),67.7,26.84,4.714247384
BUTTE_NG,741321,NG (Natural Gas),54.9,14.64,3.5825388861666667
GILROY_NG,230171,NG (Natural Gas),265.0,99.12,3.7419095436
SANJOSE_C,230171,BIT (Bituminous Coal),55.3,9.78,8.110655738
BURBANK_NG_35,254001,NG (Natural Gas),170.2,29.41,4.635925688
ESCONDIDO_NG_36,283651,NG (Natural Gas),160.2,55.080000000000005,4.6564082335000005
CARLSBAD_NG_37,283651,NG (Natural Gas),18.0,5.75,4.611032532
WILMINGTON_NG_38,253751,NG (Natural Gas),68.5,27.75,2.3481781375
CARSON_NG_39,253751,NG (Natural Gas),38.4,10.86,1.14796654175
CHULAVISTA_NG,285491,NG (Natural Gas),44.0,6.81,4.664699571
SANDIEGO_NG_40,285491,NG (Natural Gas),83.1,18.96,4.426900022333334
HENDERSON_NG,302071,NG (Natural Gas),127.2,31.42,4.867328010333334
COLSTRIP_C_41,770011,BIT (Bituminous Coal),46.1,9.01,8.336509915
BLOOMFIELD_NG,600001,NG (Natural Gas),121.6,36.76,3.74618902425
ALAMOSA_NG,530021,NG (Natural Gas),53.2,16.51,4.575744114
GRANTSVILLE_NG,500071,NG (Natural Gas),48.0,17.07,4.844094488
LASVEGAS_NG_42,302051,NG (Natural Gas),96.28,24.71,3.43474207725
LASVEGAS_NG_43,302211,NG (Natural Gas),96.28,16.39,1.09974123725
LOSANGELES_NG_44,255981,NG (Natural Gas),34.5,7.43,4.9244799085
IRVINE_NG,280781,NG (Natural Gas),39.0,10.22,4.547260292
WHITTIER_NG_45,255951,NG (Natural Gas),29.94,13.69,4.511419485499999
LOSANGELES_NG_46,251601,NG (Natural Gas),42.99,16.6,1.5337889143333332
PASCO_NG,106001,NG (Natural Gas),45.6,10.11,0.90944985525
NORWALK_NG_47,256751,NG (Natural Gas),22.05,6.83,4.749769342
